{"cameraMode":{"drawMode":0,"name":"Shaded","section":"Shading Mode"},"sceneLighting":true,"audioPlay":false,"sceneViewState":{"showFog":true,"showMaterialUpdate":false,"showSkybox":true,"showFlares":true,"showImageEffects":true,"showParticleSystems":true},"in2DMode":false,"pivot":{"x":7.383983612060547,"y":-7.126437664031982,"z":-13.04934310913086},"rotation":{"x":0.06583495438098908,"y":0.9329984784126282,"z":-0.2247619777917862,"w":0.27332767844200137},"size":23.407676696777345,"orthographic":false}