{"cameraMode":{"drawMode":0,"name":"Shaded","section":"Shading Mode"},"sceneLighting":false,"audioPlay":false,"sceneViewState":{"showFog":true,"showMaterialUpdate":false,"showSkybox":false,"showFlares":true,"showImageEffects":true,"showParticleSystems":true},"in2DMode":false,"pivot":{"x":2.0799999237060549,"y":0.0,"z":-0.5899999737739563},"rotation":{"x":0.17688818275928498,"y":0.7679888606071472,"z":-0.2395865023136139,"w":0.5670186877250671},"size":1.4289418458938599,"orthographic":false}